{
  "中文组": {
    "raw": {
      "like": [
        0.2762480743102155,
        2.0048280737319373,
        -0.4545781559263999,
        -0.7340649529831481
      ],
      "coin": [
        -0.07145899697867496,
        -0.5774387431685344,
        1.714384470616965,
        0.10853821502670594
      ],
      "fav": [
        -0.022194960380121295,
        -0.9008280419232859,
        0.035055634373174716,
        1.5465135432055164
      ]
    },
    "rate": {
      "like": [
        0.1145651454449378,
        1.561403853874722,
        -0.2924040820599048,
        -0.6540128078959637
      ],
      "coin": [
        0.1453419787639865,
        -0.18032982535777226,
        1.545156974261049,
        -0.05792295917893248
      ],
      "fav": [
        0.1426333180758316,
        -0.5302870923761088,
        -0.145313553614499,
        1.3084293961855382
      ]
    },
    "blend": {
      "like": 0.5089,
      "coin": 0.2,
      "fav": 0.4157
    }
  },
  "外文组": {
    "raw": {
      "like": [
        0.3417108059598922,
        2.4863892278374493,
        -0.5368481806166482,
        -1.0035316213074836
      ],
      "coin": [
        0.2853122059352149,
        -0.9760768546016986,
        1.755961544143391,
        0.05372175767641185
      ],
      "fav": [
        -0.2636826236720715,
        -1.769667456140032,
        -0.08285704049547211,
        2.8132690761615833
      ]
    },
    "rate": {
      "like": [
        0.21328484865234937,
        1.613047404202418,
        -0.11323519995866006,
        -0.783819162225025
      ],
      "coin": [
        0.12658500346440654,
        -0.1314692707627061,
        1.0523860383562629,
        -0.013168595547035727
      ],
      "fav": [
        -0.025751374564539464,
        -0.6159564506020907,
        -0.057230004882962926,
        1.6534866800911847
      ]
    },
    "blend": {
      "like": 0.4837,
      "coin": 0.192,
      "fav": 0.403
    }
  }
}